<?xml version="1.0" encoding="UTF-8"?>
<configuration>
	<appender name="STDOUT" class="ch.qos.logback.core.ConsoleAppender">
		<!-- encoder 默认配置为PatternLayoutEncoder -->
		<encoder>
			<pattern>%d [%thread] %-5level %logger[%L] - %msg%n
			</pattern>
		</encoder>
	</appender>

	<appender name="FILE"
		class="ch.qos.logback.core.rolling.RollingFileAppender">
		<file>${app.home}/log/pms-wms.log</file>
		<rollingPolicy class="ch.qos.logback.core.rolling.TimeBasedRollingPolicy">
			<!-- daily rollover -->
			<fileNamePattern>${app.home}/log/pms-wms-%d{yyyy-MM-dd}.%i.log.gz
			</fileNamePattern>

			<!-- keep 30 days' worth of history -->
			<maxHistory>30</maxHistory>
			<timeBasedFileNamingAndTriggeringPolicy
				class="ch.qos.logback.core.rolling.SizeAndTimeBasedFNATP">
				<maxFileSize>100MB</maxFileSize>
			</timeBasedFileNamingAndTriggeringPolicy>
		</rollingPolicy>
		<encoder>
			<pattern>%d [%thread] %-5level %logger[%L] - %msg%n</pattern>
		</encoder>
	</appender>

	<logger name="jaguar.jsonapi" level="DEBUG" />

	<root level="INFO">
		<appender-ref ref="STDOUT" />
		<appender-ref ref="FILE" />
	</root>
</configuration>
