<assembly>
	<id>bin</id>
	<formats>
		<format>tar.gz</format>
	</formats>
	<includeBaseDirectory>true</includeBaseDirectory>
	<fileSets>
		<fileSet>
			<includes>
				<include>README.md</include>
			</includes>
		</fileSet>
		<fileSet>
			<directory>../jsonapi/src/main/resources/environments</directory>
			<outputDirectory>conf/environments</outputDirectory>
		</fileSet>
		<fileSet>
			<directory>lib</directory>
			<outputDirectory>lib</outputDirectory>
		</fileSet>
		<fileSet>
			<directory>bin</directory>
			<outputDirectory>bin</outputDirectory>
			<includes>
				<include>*</include>
			</includes>
			<fileMode>755</fileMode>
		</fileSet>
	</fileSets>
	<dependencySets>
		<dependencySet>
			<outputDirectory>lib</outputDirectory>
		</dependencySet>
	</dependencySets>
</assembly>
